<?xml version="1.0" encoding="utf-8"?>
<root xmlns="urn:schemas-upnp-org:device-1-0">
  <specVersion>
    <major>1</major>
    <minor>0</minor>
  </specVersion>
  <device>
    <deviceType>urn:schemas-wifialliance-org:device:WFADevice:1</deviceType>
    <friendlyName>RalinkAPS</friendlyName>
    <manufacturer>Ralink Technology, Corp.</manufacturer>
    <manufacturerURL>http://www.ralinktech.com.tw</manufacturerURL>
    <modelDescription>Ralink AP WSC device</modelDescription>
    <modelName>Ralink Wireless Access Point</modelName>
    <modelNumber>RT2880</modelNumber>
    <modelURL>http://www.ralinktech.com.tw</modelURL>
    <serialNumber>12345678</serialNumber>
    <UDN>uuid:Upnp-WSC-1_0-1234567890001</UDN>
    <serviceList>
      <service>
        <serviceType>urn:schemas-wifialliance-org:service:WFAWLANConfig:1</serviceType>
        <serviceId>urn:wifialliance-org:serviceId:WFAWLANConfig1</serviceId>
        <SCPDURL>WFAWLANConfigSCPD.xml</SCPDURL>
        <controlURL>control</controlURL>
        <eventSubURL>event</eventSubURL>
      </service>
    </serviceList>
  </device>
</root>
